{"policy_loss": 0.04872585195717683, "value_loss": 0.16348333836841017, "reward_sum": 190.0, "_step": 499, "_runtime": 196, "_timestamp": 1619625960}